{"Melbourne": [239609, 41965, 0.14903719803675056], "Yarra Glen": [144, 9, 0.058823529411764705], "Hurstbridge": [4, 0, 0.0], "Sunbury": [1649, 161, 0.08895027624309393], "Melton": [1193, 162, 0.11955719557195572], "Yan Yean": [7, 0, 0.0], "Eynesbury": [23, 2, 0.08], "Pakenham": [700, 122, 0.14841849148418493], "Woori Yallock - Launching Place": [1734, 96, 0.05245901639344262], "Yering": [43, 3, 0.06521739130434782], "Kinglake": [17, 1, 0.05555555555555555], "Healesville": [302, 16, 0.050314465408805034], "Lara": [260, 18, 0.06474820143884892], "Gisborne": [372, 47, 0.11217183770883055], "Drysdale - Clifton Springs": [643, 20, 0.030165912518853696], "Wollert": [358, 38, 0.09595959595959595], "Hopetoun Park": [16, 3, 0.15789473684210525], "Beveridge": [48, 1, 0.02040816326530612], "Diggers Rest": [32, 2, 0.058823529411764705], "Officer": [128, 8, 0.058823529411764705], "Bacchus Marsh": [264, 25, 0.08650519031141868], "Oaklands Junction": [27, 1, 0.03571428571428571], "Whittlesea": [54, 10, 0.15625], "Kinglake West": [39, 3, 0.07142857142857142], "Little River": [80, 9, 0.10112359550561797], "Werribee": [15, 6, 0.2857142857142857], "Riddells Creek": [85, 6, 0.06593406593406594], "Kangaroo Ground": [27, 4, 0.12903225806451613], "Avalon": [56, 6, 0.0967741935483871], "Yarra Junction - Wesburn": [70, 8, 0.10256410256410256], "Mernda": [10, 3, 0.23076923076923078], "Hoddles Creek": [8, 1, 0.1111111111111111], "Rockbank": [46, 1, 0.02127659574468085], "Indented Head": [46, 2, 0.041666666666666664], "Wallan": [166, 8, 0.04597701149425287], "Werribee South": [87, 4, 0.04395604395604396], "Panton Hill": [44, 0, 0.0], "Gruyere": [16, 0, 0.0], "Portarlington": [38, 3, 0.07317073170731707], "North Warrandyte": [7, 1, 0.125], "Mornington": [6, 0, 0.0], "Pakenham Upper": [3, 0, 0.0], "Emerald": [8, 2, 0.1], "Wonga Park": [17, 3, 0.15], "Gisborne South": [14, 3, 0.17647058823529413], "South Morang": [4, 0, 0.0], "Coldstream": [124, 17, 0.12056737588652482], "Toolern Vale": [3, 0, 0.0], "Bulla": [8, 1, 0.0], "Victoria": [5372, 1351, 0.2009519559720363], "Mount Buller": [1, 0, 0], "Mount Dandenong": [2, 1, 0.3333333333333333], "Fitzroy": [13, 3, 0.1875], "Greenvale": [14, 1, 0.0], "Seville East": [12, 0, 0.0], "Footscray": [19, 3, 0.13636363636363635], "Hampton East": [1, 0, 0], "Melbourne Airport": [52, 7, 0.11864406779661017], "Tullamarine": [2, 1, 0.3333333333333333], "Seville": [13, 0, 0.0], "Clyde": [9, 2, 0.18181818181818182], "South Wharf": [30, 1, 0.03225806451612903], "Burwood East": [3, 0, 0.0], "Toolangi": [11, 8, 0.42105263157894735], "Maribyrnong": [2, 0, 0.0], "Albert Park": [17, 2, 0.10526315789473684], "Moscow": [1, 0, 0], "Nobu": [1, 0, 0], "Ringwood": [6, 0, 0.0], "Plumpton": [10, 0, 0.0], "Mooroolbark": [4, 1, 0.0], "Caulfield": [1, 0, 0], "Nashville": [1, 0, 0], "Mount Eliza": [3, 3, 0.5], "Pearcedale": [16, 1, 0.058823529411764705], "Gembrook": [11, 1, 0.08333333333333333], "St Leonards": [57, 1, 0.017241379310344827], "Mount Compass": [2, 0, 0.0], "St Kilda": [48, 10, 0.1724137931034483], "Doncaster": [2, 1, 0.3333333333333333], "Geelong": [5, 0, 0.0], "St Albans": [4, 1, 0.2], "Badger Creek": [34, 3, 0.05405405405405406], "Olinda": [5, 1, 0.16666666666666666], "Wattle Glen": [6, 2, 0.25], "Roxburgh Park": [4, 5, 0.4444444444444444], "Narre Warren North": [12, 2, 0.14285714285714285], "Warrandyte South": [15, 3, 0.16666666666666666], "Launching Place": [3, 0, 0.0], "Smiths Gully": [3, 0, 0.0], "Ravenhall": [18, 1, 0.05263157894736842], "Silvan": [30, 8, 0.21052631578947367], "Donnybrook": [5, 0, 0.0], "Maddingley": [2, 0, 0.0], "Mount Cottrell": [2, 0, 0.0], "Wildwood": [9, 0, 0.0], "Melton South": [5, 0, 0.0], "Macclesfield": [9, 0, 0.0], "Rowsley": [4, 0, 0.0], "Truganina": [22, 0, 0.0], "Fawkner": [1, 0, 0], "Rosanna": [1, 0, 0], "Moorooduc": [9, 1, 0.1], "Reservoir": [5, 1, 0.0], "Wyndham Vale": [4, 0, 0.0], "Christmas Hills": [7, 0, 0.0], "Eden Park": [3, 0, 0.0], "Parwan": [7, 0, 0.0], "Bylands": [1, 0, 0], "St Andrews": [7, 0, 0.0], "Dixons Creek": [15, 1, 0.0625], "Nar Nar Goon North": [1, 0, 0], "Epping": [2, 4, 0.5], "Merrimu": [10, 0, 0.0], "Craigieburn": [22, 1, 0.043478260869565216], "Woodstock": [4, 0, 0.0], "Kinglake Central": [3, 0, 0.0], "Warrandyte": [6, 0, 0.0], "Mount Toolebewong": [0, 3, 0.6666666666666666], "Clarkefield": [77, 2, 0.02531645569620253], "Balliang": [4, 0, 0.0], "Westmeadows": [1, 0, 0], "Drysdale": [9, 1, 0.1], "Humevale": [4, 0, 0.0], "Lysterfield": [5, 0, 0.0], "Tarrawarra": [12, 0, 0.0], "Meadow Heights": [5, 3, 0.25], "Mount Martha": [5, 1, 0.16666666666666666], "Cranbourne South": [11, 1, 0.08333333333333333], "Tuerong": [2, 4, 0.6666666666666666], "Southbank": [36, 3, 0.07692307692307693], "Wantirna": [1, 0, 0], "Templestowe": [3, 1, 0.0], "Thornbury": [25, 2, 0.07407407407407407], "North Melbourne": [4, 1, 0.2], "Docklands": [19, 19, 0.47368421052631576], "Elsternwick": [2, 2, 0.25], "Yarraville": [4, 0, 0.0], "Eaglemont": [7, 0, 0.0], "Mckinnon": [1, 0, 0], "Yellingbo": [2, 1, 0.0], "Clayton": [2, 1, 0.0], "Wandin North": [9, 1, 0.1], "West Melbourne": [5, 1, 0.16666666666666666], "Paynesville": [9, 1, 0.1], "Preston": [6, 0, 0.0], "Patterson Lakes": [1, 0, 0], "Mill Park": [0, 2, 0.5], "South Yarra": [16, 5, 0.23809523809523808], "East Melbourne": [3, 0, 0.0], "Wheelers Hill": [3, 1, 0.0], "Brunswick": [7, 1, 0.0], "Brighton East": [2, 0, 0.0], "Hawthorn": [7, 1, 0.125], "Carlton North": [5, 0, 0.0], "Noble Park": [0, 1, 1], "Coburg": [4, 0, 0.0], "Mickleham": [6, 2, 0.125], "Bentleigh East": [2, 1, 0.3333333333333333], "Australia": [3, 0, 0.0], "Upper Plenty": [18, 0, 0.0], "Research": [3, 1, 0.25], "Newport": [3, 0, 0.0], "Port Melbourne": [10, 0, 0.0], "Lorne": [1, 0, 0], "Tooradin": [1, 0, 0], "Mackay": [0, 1, 1], "Taylors Lakes": [17, 0, 0.0], "Sydney": [7, 0, 0.0], "Brighton": [6, 0, 0.0], "Pascoe Vale": [0, 1, 1], "Mount Evelyn": [1, 0, 0], "Richmond": [16, 3, 0.15789473684210525], "Rowville": [1, 0, 0], "Tarneit": [14, 2, 0.125], "Elwood": [6, 0, 0.0], "Coburg North": [2, 0, 0.0], "Ingliston": [2, 0, 0.0], "Narre Warren": [2, 0, 0.0], "Middle Park": [3, 1, 0.25], "Tecoma": [2, 0, 0.0], "Camberwell": [1, 1, 0.5], "Heidelberg": [7, 0, 0.0], "Point Cook": [3, 0, 0.0], "Frankston": [8, 0, 0.0], "Macleod": [1, 0, 0], "Cremorne": [3, 0, 0.0], "Glenroy": [5, 0, 0.0], "Brunswick East": [3, 0, 0.0], "Point Lonsdale": [2, 0, 0.0], "Box Hill": [4, 1, 0.2], "Williamstown": [6, 1, 0.14285714285714285], "Blackburn North": [1, 0, 0], "Mount Burnett": [1, 0, 0], "Kooyong": [3, 1, 0.25], "Sunshine": [3, 1, 0.25], "Princes Hill": [1, 0, 0], "Dandenong": [3, 0, 0.0], "Beaumaris": [2, 0, 0.0], "Collingwood": [5, 0, 0.0], "Flemington": [9, 1, 0.1], "Carnegie": [0, 2, 0.5], "Mordialloc": [3, 0, 0.0], "Springvale": [1, 1, 0.5], "West New York": [1, 0, 0], "Cranbourne East": [2, 1, 0.3333333333333333], "Mentone": [2, 1, 0.0], "Parkville": [4, 0, 0.0], "Seaford": [2, 0, 0.0], "Balwyn": [8, 0, 0.0], "Hallam": [9, 1, 0.1], "Diamond Creek": [2, 0, 0.0], "Cairns": [1, 0, 0], "South Melbourne": [7, 2, 0.2222222222222222], "Melton West": [1, 0, 0], "Altona North": [1, 1, 0.0], "Oakleigh East": [1, 0, 0], "Glen Iris": [3, 0, 0.0], "Prahran": [5, 0, 0.0], "Avondale Heights": [1, 0, 0], "Belgrave South": [2, 0, 0.0], "Monegeetta": [3, 0, 0.0], "Beaconsfield Upper": [6, 0, 0.0], "Steels Creek": [2, 0, 0.0], "Torquay": [2, 1, 0.0], "Chadstone": [6, 1, 0.14285714285714285], "Hughesdale": [1, 0, 0], "Ivanhoe": [3, 1, 0.25], "Malvern East": [1, 0, 0], "Taylors Hill": [1, 0, 0], "Bellarine": [7, 1, 0.0], "Wandin East": [9, 0, 0.0], "Buninyong": [1, 0, 0], "Mount Waverley": [0, 1, 1], "Ashburton": [1, 0, 0], "Adelaide": [1, 1, 0.0], "Fitzroy North": [2, 2, 0.5], "Berwick": [3, 0, 0.0], "Mont Albert North": [1, 0, 0], "Brisbane": [6, 0, 0.0], "Sherbrooke": [1, 0, 0], "Hollywood": [1, 0, 0], "Keysborough": [3, 0, 0.0], "Lilydale": [1, 0, 0], "Woori Yallock": [3, 0, 0.0], "Moonee Ponds": [3, 1, 0.25], "Ormond": [3, 0, 0.0],