{"Yarrawonga": 11.9677713714714, "Delahey": 12.955487115099, "Moorabbin Airport": 11.5699224252992, "South Yarra - West": 8.20583481861701, "Burwood East": 13.1197591742895, "Surrey Hills (East) - Mont Albert": 7.95963976453094, "South Yarra - East": 11.0204509445009, "Brunswick": 9.81392225170928, "Brunswick East": 9.81392225170928, "Brighton East": 9.07577070742832, "Flemington": 14.0795550007278, "Docklands": 11.1382788429667, "Southbank": 11.1382788429667, "East Melbourne": 8.20583481861701, "Flemington Racecourse": 11.0948699505723, "Hampton": 11.060847145407, "Richmond (Vic.)": 11.3986211947248, "West Melbourne": 11.1382788429667, "Alfredton": 9.58945347237965, "Port Melbourne": 8.72526356780816, "Armadale": 10.2893418552183, "Ballarat": 12.1675051999715, "Prahran - Windsor": 11.0204509445009, "Collingwood": 12.5000508737478, "Wendouree - Miners Rest": 14.5445920821018, "Bacchus Marsh Region": 11.7084061319722, "Creswick - Clunes": 12.7425605239592, "Daylesford": 13.5820363634743, "Gordon (Vic.)": 11.7084061319722, "Avoca": 12.8243497708645, "Beaufort": 12.8243497708645, "Golden Plains - North": 11.9821286326611, "Fitzroy": 12.5000508737478, "Flora Hill - Spring Gully": 11.2598675954686, "Kangaroo Flat - Golden Square": 13.6626675476835, "Maiden Gully": 9.4603855400579, "Strathfieldsaye": 7.32705188278875, "Cheltenham - Highett (West)": 11.2205922276015, "Blackburn South": 10.616485420404, "Ballarat - North": 12.970474649025, "Bentleigh - McKinnon": 9.34080741601327, "Ballarat - South": 13.2778145519197, "Buninyong": 9.58945347237965, "Delacombe": 13.2778145519197, "Smythes Creek": 9.58945347237965, "Maryborough (Vic.)": 13.2488746937218, "Maryborough Region": 12.8243497708645, "Bentleigh East": 9.34080741601327, "Bendigo": 14.1120675136478, "Braeside": 9.68522345618007, "California Gully - Eaglehawk": 14.3208244195193, "White Hills - Ascot": 11.2598675954686, "Bendigo Region - South": 10.2399584768823, "East Bendigo - Kennington": 11.2598675954686, "Newtown (Vic.)": 9.29736289543536, "North Geelong - Bell Park": 13.5011298607933, "Castlemaine": 12.6243264760789, "Castlemaine Region": 12.6243264760789, "Heathcote": 14.1940712232301, "Kyneton": 11.8231241875075, "Woodend": 11.0357879653688, "Bendigo Region - North": 9.91333912183184, "Loddon": 10.5355133039965, "Bannockburn": 9.99770793659279, "Golden Plains - South": 9.99770793659279, "Winchelsea": 9.99770793659279, "Benalla": 14.1865538510358, "Benalla Region": 8.25667848598793, "Rutherglen": 11.7157865583866, "Wangaratta": 13.8318798423681, "Wangaratta Region": 8.25667848598793, "Chelsea Heights": 12.5915450898864, "Belmont": 12.3704549150323, "Corio - Norlane": 16.9949883945323, "Bairnsdale": 13.7584340661768, "Bruthen - Omeo": 11.8858221247394, "Lake King": 13.7584340661768, "Lakes Entrance": 13.7584340661768, "Orbost": 11.8858221247394, "Paynesville": 11.8858221247394, "Foster": 10.9544622783634, "French Island": null, "Korumburra": 10.9544622783634, "Leongatha": 10.9544622783634, "Phillip Island": 12.5408473822606, "Wilsons Promontory": 10.9544622783634, "Wonthaggi - Inverloch": 14.0144520710324, "Churchill": 12.1055938390817, "Geelong": 12.3704549150323, "Moe - Newborough": 16.3873347220657, "Morwell": 16.3873347220657, "Traralgon": 11.9783812318119, "Yallourn North - Glengarry": 11.9783812318119, "Alps - West": 11.4998630584375, "Longford - Loch Sport": 10.4369561445355, "Maffra": 11.4998630584375, "Rosedale": 11.4998630584375, "Sale": 12.5022693086777, "Yarram": 10.4369561445355, "Cranbourne North": 9.1401874968518, "Geelong West - Hamlyn Heights": 12.2489754031197, "Cranbourne South": 9.33783635352247, "Grovedale": 11.6174718505553, "Cranbourne West": 13.9939403147443, "Highton": 9.29736289543536, "Lara": 8.88525918491605, "Hampton Park - Lynbrook": 12.666106061636, "Leopold": 8.79515711531223, "Newcomb - Moolap": 14.2778259507035, "Clifton Springs": 11.9192057931901, "Lorne - Anglesea": 9.15418268468508, "Ocean Grove - Barwon Heads": 10.9477057325627, "Portarlington": 11.6626334531261, "Queenscliff": 10.9477057325627, "Torquay": 9.15418268468508, "Alexandra": 10.8774148328188, "Euroa": 10.8774148328188, "Kilmore - Broadford": 12.3800919715933, "Mansfield (Vic.)": 11.9478924211347, "Nagambie": 10.8774148328188, "Seymour": 11.3590027104042, "Seymour Region": 11.2498651669711, "Upper Yarra Valley": 10.8774148328188, "Yea": 12.3800919715933, "Beechworth": 9.17969450327577, "Bright - Mount Beauty": 11.0877148413019, "Chiltern - Indigo Valley": 9.17969450327577, "Myrtleford": 12.5137029527909, "Towong": 11.0877148413019, "West Wodonga": 12.0531451137272, "Wodonga": 12.0531451137272, "Yackandandah": 7.74483505195146, "Drouin": 12.3413731937484, "Mount Baw Baw Region": 11.5538495016818, "Trafalgar (Vic.)": 11.5538495016818, "Warragul": 11.5538495016818, "Alps - East": 11.8858221247394, "Brunswick West": 10.7556089634061, "Fitzroy North": 9.70382429608877, "Coburg": 12.1136171086768, "Pascoe Vale South": 10.7556089634061, "Yarra - North": 10.5881378709381, "Alphington - Fairfield": 10.7562174007102, "Carnegie": 11.3561242310702, "Northcote": 10.7562174007102, "Hughesdale": 11.7971409210665, "Thornbury": 12.6503862185176, "Kensington": 11.0948699505723, "Ascot Vale": 11.205463436893, "Melbourne": 13.8781319450257, "Essendon - Aberfeldie": 10.4830203240951, "Moonee Ponds": 10.4830203240951, "Carlton": 16.1992933368284, "North Melbourne": 13.009313773674, "Parkville": 9.30106229312264, "Albert Park": 8.20273098822157, "Elwood": 10.9526225293861, "Port Melbourne Industrial": 8.72526356780816, "South Melbourne": 12.0725973548658, "St Kilda": 11.0569394527044, "St Kilda East": 11.0569394527044, "Toorak": 10.2893418552183, "Camberwell": 7.67253530276587, "Abbotsford": 10.5881378709381, "Carlton North - Princes Hill": 9.70382429608877, "Ashburton (Vic.)": 11.1821173911947, "Balwyn": 9.08516329570302, "Balwyn North": 9.08516329570302, "Surrey Hills (West) - Canterbury": 7.67253530276587, "Bulleen": 10.4903516001222, "Doncaster": 10.4903516001222, "Doncaster East": 8.78390109776073, "Templestowe": 8.19760990723497, "Templestowe Lower": 8.19760990723497, "Blackburn": 10.616485420404, "Glen Iris - East": 7.5424174995356, "Hawthorn": 8.48628349684988, "Hawthorn East": 8.48628349684988, "Kew": 9.16291348740363, "Kew East": 9.16291348740363, "Lynbrook - Lyndhurst": 9.51869843180205, "Murrumbeena": 10.5253565814125, "Box Hill": 11.0615047942258, "Burwood": 13.1197591742895, "Caulfield - North": 10.5360297906361, "Box Hill North": 11.0615047942258, "Beaumaris": 9.18203134992806, "Ormond - Glen Huntly": 11.3561242310702, "Brighton (Vic.)": 9.07577070742832, "Aspendale Gardens - Waterways": 9.68522345618007, "Sandringham - Black Rock": 9.18203134992806, "Caulfield - South": 10.5360297906361, "Elsternwick": 10.5043450739846, "Carrum - Patterson Lakes": 11.3265728176648, "Chelsea - Bonbeach": 12.5915450898864, "Cheltenham - Highett (East)": 11.5699224252992, "Mentone": 11.5699224252992, "Moorabbin - Heatherton": 11.5699224252992, "Edithvale - Aspendale": 9.68522345618007, "Bundoora - East": 12.0769586786429, "Greensborough": 9.43115078463505, "Watsonia": 12.0769586786429, "Kingsbury": 11.6535158173795, "Mordialloc - Parkdale": 9.68522345618007, "Bundoora - West": 13.0637033367263, "Epping": 12.384660564318, "Heidelberg - Rosanna": 9.57433346036936, "Malvern - Glen Iris": 8.15404448460059, "Airport West": 9.88188249991061, "Malvern East": 8.15404448460059, "Essendon Airport": 9.88188249991061, "Coburg North": 13.2526823962162, "Fawkner": 11.7194021190922, "Wattle Glen - Diamond Creek": 9.56237859491755, "Heidelberg West": 15.2276113920198, "Ivanhoe": 8.89678097777937, "Ivanhoe East - Eaglemont": 7.49826956066788, "Montmorency - Briar Hill": 9.43115078463505, "Viewbank - Yallambie": 9.57433346036936, "Preston": 13.6983535890514, "Reservoir - East": 14.8968710999824, "Reservoir - West": 13.5868138180959, "Eltham": 8.04626802076267, "Hurstbridge": 7.61234490457697, "Kinglake": 8.92264364924789,