{"Prahran - Windsor": 0.6625859975718332, "Collingwood": 0.6062188188885022, "Golden Plains - North": 0.2896598950011413, "Rutherglen": 0.2971398305084746, "Hadfield": 0.3732406912524497, "Fitzroy": 0.5634948096885813, "Sunbury": 0.3728530534351145, "Sunbury - South": 0.3777862160622745, "Hughesdale": 0.5607020321984693, "Wangaratta": 0.29721862871927557, "Wangaratta Region": 0.3220538001707942, "Trafalgar (Vic.)": 0.29539951573849876, "Warragul": 0.33594091903719914, "Alps - East": 0.0, "Point Cook - South": 0.5106339607256913, "Bairnsdale": 0.28276101283385363, "Bruthen - Omeo": 0.284805934560869, "Wendouree - Miners Rest": 0.27759944173063505, "Bacchus Marsh Region": 0.3253157985810694, "Mildura Region": 0.22613458528951486, "Red Cliffs": 0.23217361350327248, "Mildura - North": 0.2813917498265649, "Creswick - Clunes": 0.30701527310380533, "Lakes Entrance": 0.2741738066095471, "Daylesford": 0.4031770891598613, "Gordon (Vic.)": 0.3083288361216046, "Avoca": 0.2555451421430803, "Beaufort": 0.24688796680497926, "Orbost": 0.26298960831334933, "Paynesville": 0.3155778894472362, "Blackburn South": 0.49958151213614804, "Foster": 0.3052199413489736, "French Island": 0.42857142857142855, "Surrey Hills (East) - Mont Albert": 0.6130421716918761, "Korumburra": 0.27437026996498365, "Leongatha": 0.29601803155522166, "Phillip Island": 0.33729612890548244, "Wilsons Promontory": 0.34375, "Flora Hill - Spring Gully": 0.45494529071014805, "Kangaroo Flat - Golden Square": 0.30089410305442144, "Maiden Gully": 0.32368896925858953, "Strathfieldsaye": 0.3789661319073084, "Brighton East": 0.5456862495221103, "Morwell": 0.24996347699050403, "Traralgon": 0.3189485627836611, "Yallourn North - Glengarry": 0.2848374630597863, "Alps - West": 0.14285714285714285, "Longford - Loch Sport": 0.27154471544715447, "Maffra": 0.2673992673992674, "Rosedale": 0.21527178602243313, "Sale": 0.32043931753816396, "Yarram": 0.2497100889060688, "White Hills - Ascot": 0.3187392055267703, "Bendigo Region - South": 0.3390143445533305, "Mansfield (Vic.)": 0.3460314730415341, "Nagambie": 0.2982588947766843, "Seymour": 0.26179507545671166, "Seymour Region": 0.357830271216098, "Upper Yarra Valley": 0.26737967914438504, "Yea": 0.31422811059907835, "Benalla": 0.28595500049558925, "Benalla Region": 0.30786904078116023, "Cheltenham - Highett (West)": 0.5184773548207835, "Kilmore - Broadford": 0.297626871120847, "Drouin": 0.2875173545374227, "Mount Baw Baw Region": 0.3047619047619048, "Brunswick": 0.6609502831969792, "Wonthaggi - Inverloch": 0.29613615455381787, "Churchill": 0.31692612255916497, "Moe - Newborough": 0.25516815797593334, "Brunswick East": 0.6726125137211855, "Hampton": 0.5356483617904938, "Cranbourne West": 0.39405351833498514, "Alfredton": 0.40085380728349884, "Bentleigh East (South)": 0.4978427068352131, "Pascoe Vale South": 0.4840603177816011, "Docklands": 0.5981424601433377, "East Melbourne": 0.5980041703902294, "Melton South": 0.3276112392176958, "Melton West": 0.32700530186420385, "Rockbank - Mount Cottrell": 0.1596774193548387, "Colac Region": 0.29143407122232917, "Bentleigh - McKinnon": 0.5451401365432986, "Corangamite - North": 0.26435452793834296, "Corangamite - South": 0.26269653541115906, "Flemington Racecourse": 0.2585551330798479, "Aspendale Gardens - Waterways": 0.4835964617624006, "Smythes Creek": 0.3112961998958876, "Otway": 0.37115384615384617, "Moyne - East": 0.2770061728395062, "Moyne - West": 0.3231445731445731, "Warrnambool - North": 0.32479173771130704, "Warrnambool - South": 0.349178582293885, "South Yarra - West": 0.6029411764705882, "Ballarat": 0.446960473987501, "Ballarat - North": 0.3841747702144665, "Airport West": 0.42798079487863433, "Ballarat - South": 0.34830147733912026, "Buninyong": 0.4526109477810444, "Delacombe": 0.3127524523946913, "Whittlesea": 0.32231920199501246, "Maryborough (Vic.)": 0.24320877439102156, "Maryborough Region": 0.2574873590042785, "Doreen": 0.3953757783462857, "Murrumbeena": 0.5985670864090317, "Braeside": 0.1953125, "Ormond - Glen Huntly": 0.6197119711971197, "Bendigo": 0.3476916873866004, "Bendigo Region - North": 0.2615204678362573, "Loddon": 0.2292238762826998, "Bannockburn": 0.3380681818181818, "Golden Plains - South": 0.31143878462913316, "California Gully - Eaglehawk": 0.24630752155724409, "Winchelsea": 0.34960070984915703, "Caulfield - South": 0.5985763097949887, "Southbank": 0.5949221233312142, "Carnegie": 0.6168745171614612, "Wollert": 0.46605504587155966, "East Bendigo - Kennington": 0.402624830291145, "Chelsea Heights": 0.413463377318799, "Castlemaine": 0.3680582152432018, "Castlemaine Region": 0.37124071593814684, "Heathcote": 0.25214446952595937, "Kyneton": 0.3717669055780617, "Woodend": 0.43877701014258413, "Belmont": 0.4197236090007959, "Corio - Norlane": 0.2429121990307933, "Geelong": 0.44026333507892573, "Geelong West - Hamlyn Heights": 0.4329147043432758, "Lara": 0.332559456398641, "Keilor East": 0.4279729418095165, "Niddrie - Essendon West": 0.478695652173913, "Grovedale": 0.3978050921861282, "Highton": 0.49656530500091595, "Leopold": 0.34764431580639976, "Newcomb - Moolap": 0.2814475237896784, "Newtown (Vic.)": 0.4909864290054689, "North Geelong - Bell Park": 0.3485886544258701, "Ocean Grove - Barwon Heads": 0.43168939259783956, "Portarlington": 0.3029965156794425, "Point Lonsdale - Queenscliff": 0.4677460806990491, "Torquay": 0.4523171412618649, "Alexandra": 0.3020296391752577, "Euroa": 0.3022185702547247, "Coburg": 0.5449481367652709, "Chiltern - Indigo Valley": 0.3011647254575707, "Myrtleford": 0.2740674558856377, "Towong": 0.2712131837307153, "West Wodonga": 0.30544588155207625, "Wodonga": 0.3275634685130234, "Yackandandah": 0.3466666666666667, "Clifton Springs": 0.3412937630419661, "Lorne - Anglesea": 0.4621648460774578, "Beechworth": 0.3624887285843102, "Bright - Mount Beauty": 0.40659265817612206, "Brunswick West": 0.6000441046750956, "Alphington - Fairfield": 0.5832672931054002, "Elsternwick": 0.5997868371969092, "Northcote": 0.5980464581794304, "Cranbourne": 0.3134201301952929, "Thornbury": 0.5615405626877902, "Port Melbourne": 0.579996239894717, "Flemington": 0.55728806868647, "Cranbourne East": 0.41894353369763204, "Ascot Vale": 0.5483124659771367, "Essendon - Aberfeldie": 0.5432522164252618, "Taylors Hill": 0.44197080291970803, "Moonee Ponds": 0.561507516409062, "Carlton": 0.683699713689523, "Kensington (Vic.)": 0.6380819366852887, "Melbourne": 0.56117712266602, "Armadale": 0.6584622332618268, "North Melbourne": 0.6251291960634521, "Parkville": 0.6380792618997694, "Albert Park": 0.5889537332290475, "Elwood": 0.638532477947073, "Port Melbourne Industrial": 0.6666666666666666, "St Kilda East": 0.6402126099706745, "South Melbourne": 0.6128015000426148, "St Kilda": 0.611524434719183, "South Yarra - East": 0.6874334644758158, "Toorak": 0.6675949562930301, "Abbotsford": 0.6878025169409487, "Carlton North - Princes Hill": 0.7054589082183563, "Fitzroy North": 0.6486620416253717, "Richmond (Vic.)": 0.6471233938141667, "Yarra - North": 0.6193548387096774, "Balwyn": 0.5986900113364404, "Ashburton (Vic.)": 0.5594342071113418, "Hawthorn East": 0.6497698882314267, "Camberwell": 0.6024520856820744, "Doncaster East (South)": 0.5134887005649718, "Blackburn": 0.5440472839853645, "Bundoora - East": 0.46220871327254304, "Balwyn North": 0.5716757291151755, "Kew": 0.6105284147557328, "Glen Iris - East": 0.5926129091241543, "Hawthorn": 0.6762518377583672, "Burnside": 0.42715580855998314, "Kew East": 0.5686152891921228, "Surrey Hills (West) - Canterbury": 0.5966231205324131, "Bulleen": 0.5045755187097943, "Doncaster": 0.5608824372075255, "Templestowe": 0.5460625414231488, "Templestowe Lower": 0.5076786769049025, "Caulfield - North": 0.6043982254448313, "Doncaster East (North)": 0.5485453430537576, "Box Hill": 0.5837663587374904, "Bentleigh East (North)": 0.5096962299972878, "Box Hill North": 0.5613528212100611, "Burwood": 0.6181344696969697, "Burwood East": 0.5443037974683544, "Beaumaris": 0.5376914909752768,