{"Sydney": 0.9497694030834102, "Melbourne": 0.9530403755070832, "Brisbane": 0.9173480662983425, "Adelaide": 0.9179238316278089}