{"Sydney": 10.278156288235, "Melbourne": 12.4243670764612, "Brisbane": 9.78274276043396, "Adelaide": 12.8208041434367}